"original_name";"name_clear"
"bacteria";"Bacteria"
"protozoa";"Protozoa"
"nauplii";"Nauplii"
"small sized Euphausiacea";"Euphausiacea"
"Mysidacea";"Mysidacea"
"Hyperiidea";"Hyperiidea"
"Ostracoda";"Ostracoda"
"large sized Euphausiacea";"Euphausiacea"
"Cyclopoida";"Cyclopoida"
"carnivorous Calanoida";"Calanoida"
"Chaetognatha";"Chaetognatha"
"Polychaeta";"Polychaeta"
"detritus";"Detritus"
"phytoplankton";"Phytoplankton"
