"original_name";"name_clear"
"carrion";"Carrion"
"dung";"Dung"
"Anthriscus sylvestris";"Anthriscus sylvestris"
"Carum carvi";"Carum carvi"
"Daucus carota";"Daucus carota"
"Heracleum sphondylium";"Heracleum sphondylium"
"Pastinaca sativa";"Pastinaca sativa"
"Pimpinella major";"Pimpinella major"
"Achillea millefolium";"Achillea millefolium"
"Bellis perennis";"Bellis perennis"
"Centaurea jacea";"Centaurea jacea"
"Cirsium oleraceum";"Cirsium oleraceum"
"Crepis biennis";"Crepis biennis"
"Leontodon autumnalis";"Leontodon autumnalis"
"Leontodon hispidus";"Leontodon hispidus"
"Leucanthemum vulgare";"Leucanthemum vulgare"
"Taraxacum officinale";"Taraxacum officinale"
"Tragopogon pratensis";"Tragopogon pratensis"
"Campanula patula";"Campanula patula"
"Cardamine pratensis";"Cardamine pratensis"
"Rumex acetosa";"Rumex acetosa"
"Knautia arvensis";"Knautia arvensis"
"Primula veris";"Primula veris"
"Lathyrus pratensis";"Lathyrus pratensis"
"Lotus corniculatus";"Lotus corniculatus"
"Medicago lupulina";"Medicago lupulina"
"Medicago x";"Medicago"
"Onobrychis viciifolia";"Onobrychis viciifolia"
"Trifolium campestre";"Trifolium campestre"
"Trifolium dubium";"Trifolium dubium"
"Trifolium fragiferum";"Trifolium fragiferum"
"Trifolium hybridum";"Trifolium hybridum"
"Trifolium pratense";"Trifolium pratense"
"Trifolium repens";"Trifolium repens"
"Vicia cracca";"Vicia cracca"
"Galium album";"Galium album"
"Geranium pratense";"Geranium pratense"
"Ajuga reptans";"Ajuga reptans"
"Glechoma hederacea";"Glechoma hederacea"
"Prunella vulgaris";"Prunella vulgaris"
"Plantago lanceolata";"Plantago lanceolata"
"Plantago media";"Plantago media"
"Veronica chamaedrys";"Veronica chamaedrys"
"Ranunculus acris";"Ranunculus acris"
"Ranunculus repens";"Ranunculus repens"
"Sanguisorba officinalis";"Sanguisorba officinalis"
"Luzula campestris";"Luzula campestris"
"Alopecurus pratensis";"Alopecurus pratensis"
"Anthoxanthum odoratum";"Anthoxanthum odoratum"
"Arrhenatherum elatius";"Arrhenatherum elatius"
"Avenula pubescens";"Avenula pubescens"
"Bromus erectus";"Bromus erectus"
"Bromus hordeaceus";"Bromus hordeaceus"
"Cynosurus cristatus";"Cynosurus cristatus"
"Dactylis glomerata";"Dactylis glomerata"
"Festuca pratensis";"Festuca pratensis"
"Festuca rubra";"Festuca rubra"
"Holcus lanatus";"Holcus lanatus"
"Phleum pratense";"Phleum pratense"
"Poa pratensis";"Poa pratensis"
"Poa trivialis";"Poa trivialis"
"Trisetum flavescens";"Trisetum flavescens"
"microbes";"Microorganisms"
"algae";"Algae"
"litter";"Litter"
"moss";"Moss"
"Armadillidium vulgare";"Armadillidium vulgare"
"Oniscus asellus";"Oniscus asellus"
"Lepidoniscus hypnorum";"Lepidoniscus hypnorum"
"Philoscia muscorum";"Philoscia muscorum"
"Porcellio scaber";"Porcellio scaber"
"Trachelipus rathkii";"Trachelipus rathkii"
"Stenobothrus lineatus";"Stenobothrus lineatus"
"Tetrix subulata";"Tetrix subulata"
"Tetrix tenuicornis";"Tetrix tenuicornis"
"Himacerus major";"Himacerus major"
"Himacerus mirmicoides";"Himacerus mirmicoides"
"Nabis ";"Nabis "
"Nabis brevis";"Nabis brevis"
"Nabis ferus";"Nabis ferus"
"Nabis pseudoferus";"Nabis pseudoferus"
"Piezodorus lituratus";"Piezodorus lituratus"
"Rhyparochromus pini";"Rhyparochromus pini"
"Rhyparochromus vulgaris";"Rhyparochromus vulgaris"
"Trogulus closanicus";"Trogulus closanicus"
"Coelotes terrestris";"Coelotes terrestris"
"Larinioides cornutus";"Larinioides cornutus"
"Haplodrassus signifer";"Haplodrassus signifer"
"Zelotes latreillei";"Zelotes latreillei"
"Alopecosa cuneata";"Alopecosa cuneata"
"Alopecosa pulverulenta";"Alopecosa pulverulenta"
"Arctosa lutetiana";"Arctosa lutetiana"
"Pardosa agrestis";"Pardosa agrestis"
"Pardosa amentata";"Pardosa amentata"
"Trochosa ruricola";"Trochosa ruricola"
"Trochosa terricola";"Trochosa terricola"
"Pisaura mirabilis";"Pisaura mirabilis"
"Phlegra fasciata";"Phlegra fasciata"
"Tetragnatha extensa";"Tetragnatha extensa"
"fungi";"Fungi"
"Hyloniscus riparius";"Hyloniscus riparius"
"Bathysolen nubilis";"Bathysolen nubilis"
"Drymus ryei";"Drymus ryei"
"Drymus sylvaticus";"Drymus sylvaticus"
"Megalonotus chiragra";"Megalonotus chiragra"
"Megalonotus emarginatus";"Megalonotus emarginatus"
"Metopoplax origani";"Metopoplax origani"
"Peritrechus geniculatus";"Peritrechus geniculatus"
"Peritrechus nubilus";"Peritrechus nubilus"
"Sphragisticus nebulosus";"Sphragisticus nebulosus"
"Stygnocoris rusticus";"Stygnocoris rusticus"
"Charagochilus gyllenhallii";"Charagochilus gyllenhallii"
"Chlamydatus pullus";"Chlamydatus pullus"
"Chlamydatus saltitans";"Chlamydatus saltitans"
"Tytthus ygmaeus";"Tytthus ygmaeus"
"Podops inuncta";"Podops inuncta"
"Scolopostethus affinis";"Scolopostethus affinis"
"Acalypta carinata";"Acalypta carinata"
"Acalypta marginata";"Acalypta marginata"
"Acalypta nigrina";"Acalypta nigrina"
"Catoplatus fabricii";"Catoplatus fabricii"
"Kalama tricornis";"Kalama tricornis"
"Nemastoma dentigerum";"Nemastoma dentigerum"
"Nemastoma lugubre";"Nemastoma lugubre"
"Oligolophus tridens";"Oligolophus tridens"
"Rilaena triangularis";"Rilaena triangularis"
"Nelima sempronii";"Nelima sempronii"
"Agalenatea redii";"Agalenatea redii"
"Mangora acalypha";"Mangora acalypha"
"Singa hamata";"Singa hamata"
"Clubiona brevipes";"Clubiona brevipes"
"Clubiona reclusa";"Clubiona reclusa"
"Argenna subnigra";"Argenna subnigra"
"Cicurina cicur";"Cicurina cicur"
"Drassyllus lutetianus";"Drassyllus lutetianus"
"Drassyllus pusillus";"Drassyllus pusillus"
"Haplodrassus minor";"Haplodrassus minor"
"Micaria pulicaria";"Micaria pulicaria"
"Trachyzelotes pedestris";"Trachyzelotes pedestris"
"Bathyphantes parvulus";"Bathyphantes parvulus"
"Centromerita bicolor";"Centromerita bicolor"
"Centromerus sylvaticus";"Centromerus sylvaticus"
"Collinsia inerrans";"Collinsia inerrans"
"Dicymbium nigrum";"Dicymbium nigrum"
"Diplocephalus cristatus";"Diplocephalus cristatus"
"Diplocephalus picinus";"Diplocephalus picinus"
"Diplostyla concolor";"Diplostyla concolor"
"Erigone atra";"Erigone atra"
"Erigone dentipalpis";"Erigone dentipalpis"
"Latithorax faustus";"Latithorax faustus"
"Leptorhoptrum robustum";"Leptorhoptrum robustum"
"Meioneta rurestris";"Meioneta rurestris"
"Mermessus trilobatus";"Mermessus trilobatus"
"Micrargus herbigradus";"Micrargus herbigradus"
"Oedothorax apicatus";"Oedothorax apicatus"
"Oedothorax fuscus";"Oedothorax fuscus"
"Oedothorax retusus";"Oedothorax retusus"
"Pocadicnemis juncea";"Pocadicnemis juncea"
"Porrhomma errans";"Porrhomma errans"
"Porrhomma microphthalmum";"Porrhomma microphthalmum"
"Porrhomma microps";"Porrhomma microps"
"Tenuiphantes tenuis";"Tenuiphantes tenuis"
"Tiso vagans";"Tiso vagans"
"Walckenaeria atrotibialis";"Walckenaeria atrotibialis"
"Walckenaeria vigilax";"Walckenaeria vigilax"
"Phrurolithus festivus";"Phrurolithus festivus"
"Aulonia albimana";"Aulonia albimana"
"Pardosa hortensis";"Pardosa hortensis"
"Pardosa lugubris";"Pardosa lugubris"
"Pardosa palustris";"Pardosa palustris"
"Pardosa prativaga";"Pardosa prativaga"
"Pardosa pullata";"Pardosa pullata"
"Pirata latitans";"Pirata latitans"
"Xerolycosa miniata";"Xerolycosa miniata"
"Bianor aurocinctus";"Bianor aurocinctus"
"Euophrys frontalis";"Euophrys frontalis"
"Synageles venator";"Synageles venator"
"Talavera aequipes";"Talavera aequipes"
"Pachygnatha clercki";"Pachygnatha clercki"
"Pachygnatha degeeri";"Pachygnatha degeeri"
"Cryptachaea riparia";"Cryptachaea riparia"
"Enoplognatha ovata";"Enoplognatha ovata"
"Enoplognatha thoracica";"Enoplognatha thoracica"
"Robertus arundineti";"Robertus arundineti"
"Robertus lividus";"Robertus lividus"
"Robertus neglectus";"Robertus neglectus"
"Phylloneta impressa";"Phylloneta impressa"
"Ozyptila claveata";"Ozyptila claveata"
"Ozyptila simplex";"Ozyptila simplex"
"Xysticus acerbus";"Xysticus acerbus"
"Xysticus cristatus";"Xysticus cristatus"
"Xysticus kochi";"Xysticus kochi"
"Zora spinimana";"Zora spinimana"
"Hahnia nava";"Hahnia nava"
"Araeoncus humilis";"Araeoncus humilis"
"Asthenargus paganus";"Asthenargus paganus"
"Bathyphantes gracilis";"Bathyphantes gracilis"
"Diplocephalus latifrons";"Diplocephalus latifrons"
"Erigonella hiemalis";"Erigonella hiemalis"
"Meioneta affinis";"Meioneta affinis"
"Micrargus subaequalis";"Micrargus subaequalis"
"Byrrhus pilula";"Byrrhus pilula"
"Lamprobyrrhulus nitidus";"Lamprobyrrhulus nitidus"
"Cantharis lateralis";"Cantharis lateralis"
"Cantharis rufa";"Cantharis rufa"
"Rgonycha fulva";"Rgonycha fulva"
"Acupalpus meridianus";"Acupalpus meridianus"
"Agonum mulleri";"Agonum mulleri"
"Amara aenea";"Amara aenea"
"Amara bifrons";"Amara bifrons"
"Amara communis";"Amara communis"
"Amara consularis";"Amara consularis"
"Amara convexior";"Amara convexior"
"Amara eurynota";"Amara eurynota"
"Amara familiaris";"Amara familiaris"
"Amara lunicollis";"Amara lunicollis"
"Amara montivaga";"Amara montivaga"
"Amara nitida";"Amara nitida"
"Amara ovata";"Amara ovata"
"Amara plebeja";"Amara plebeja"
"Amara quenseli";"Amara quenseli"
"Amara similata";"Amara similata"
"Anchomenus dorsalis";"Anchomenus dorsalis"
"Anisodactylus binotatus";"Anisodactylus binotatus"
"Asaphidion flavipes";"Asaphidion flavipes"
"Asaphidion pallipes";"Asaphidion pallipes"
"Badister bullatus";"Badister bullatus"
"Bembidion lampros";"Bembidion lampros"
"Bembidion obtusum";"Bembidion obtusum"
"Bembidion properans";"Bembidion properans"
"Bembidion quadrimaculatum";"Bembidion quadrimaculatum"
"Brachinus explodens";"Brachinus explodens"
"Calathus erratus";"Calathus erratus"
"Calathus melanocephalus";"Calathus melanocephalus"
"Harpalus affinis";"Harpalus affinis"
"Harpalus distinguendus";"Harpalus distinguendus"
"Harpalus griseus";"Harpalus griseus"
"Harpalus latus";"Harpalus latus"
"Harpalus rubripes";"Harpalus rubripes"
"Leistus ferrugineus";"Leistus ferrugineus"
"Limodromus assimilis";"Limodromus assimilis"
"Loricera pilicornis";"Loricera pilicornis"
"Microlestes maurus";"Microlestes maurus"
"Microlestes minutulus";"Microlestes minutulus"
"Notiophilus aestuans";"Notiophilus aestuans"
"Notiophilus palustris";"Notiophilus palustris"
"Ophonus azureus";"Ophonus azureus"
"Ophonus laticollis";"Ophonus laticollis"
"Ophonus puncticeps";"Ophonus puncticeps"
"Harpalus seladon";"Harpalus seladon"
"Ophonus schaubergerianus";"Ophonus schaubergerianus"
"Poecilus cupreus";"Poecilus cupreus"
"Poecilus versicolor";"Poecilus versicolor"
"Pterostichus minor";"Pterostichus minor"
"Pterostichus strenuus";"Pterostichus strenuus"
"Pterostichus vernalis";"Pterostichus vernalis"
"Stomis pumicatus";"Stomis pumicatus"
"Syntomus truncatellus";"Syntomus truncatellus"
"Synuchus vivalis";"Synuchus vivalis"
"Trechus quadristriatus";"Trechus quadristriatus"
"Phyllotreta nigripes";"Phyllotreta nigripes"
"Platynaspis luteorubra";"Platynaspis luteorubra"
"Propylea quatuordecimpunctata";"Propylea quatuordecimpunctata"
"Barypeithes pellucidus";"Barypeithes pellucidus"
"Barypeithes trichopterus";"Barypeithes trichopterus"
"Liophloeus tessulatus";"Liophloeus tessulatus"
"Otiorhynchus ligustici";"Otiorhynchus ligustici"
"Otiorhynchus raucus";"Otiorhynchus raucus"
"Phyllobius betulinus";"Phyllobius betulinus"
"Phyllobius roboretanus";"Phyllobius roboretanus"
"Phyllobius viridicollis";"Phyllobius viridicollis"
"Sitona hispidulus";"Sitona hispidulus"
"Sitona humeralis";"Sitona humeralis"
"Sitona languidus";"Sitona languidus"
"Sitona crinitus";"Sitona crinitus"
"Dermestes laniarius";"Dermestes laniarius"
"Athous bicolor";"Athous bicolor"
"Oedostethus quadripustulatus";"Oedostethus quadripustulatus"
"Margarinotus carbonarius";"Margarinotus carbonarius"
"Margarinotus purpurascens";"Margarinotus purpurascens"
"Helophorus griseus";"Helophorus griseus"
"Helophorus nubilus";"Helophorus nubilus"
"Catops nigriclavis";"Catops nigriclavis"
"Ptomaphagus sericatus";"Ptomaphagus sericatus"
"Mordellistena falsoparvula";"Mordellistena falsoparvula"
"Mordellistena parvula";"Mordellistena parvula"
"Glischrochilus quadrisignatus";"Glischrochilus quadrisignatus"
"Aleochara bipustulata";"Aleochara bipustulata"
"Aleochara curtula";"Aleochara curtula"
"Aloconota gregaria";"Aloconota gregaria"
"Anotylus insecatus";"Anotylus insecatus"
"Anotylus inustus";"Anotylus inustus"
"Anotylus rugosus";"Anotylus rugosus"
"Anotylus sculpturatus";"Anotylus sculpturatus"
"Anotylus tetracarinatus";"Anotylus tetracarinatus"
"Atheta cauda";"Atheta cauda"
"Atheta crassicornis";"Atheta crassicornis"
"Atheta elongatula";"Atheta elongatula"
"Atheta fungicola";"Atheta fungicola"
"Atheta palustris";"Atheta palustris"
"Atheta triangulum";"Atheta triangulum"
"Bledius erraticus";"Bledius erraticus"
"Bolitobius castaneus";"Bolitobius castaneus"
"Callicerus rigidicornis";"Callicerus rigidicornis"
"Dinaraea angustula";"Dinaraea angustula"
"Drusilla canaliculata";"Drusilla canaliculata"
"Gabrius osseticus";"Gabrius osseticus"
"Gyrohypnus angustatus";"Gyrohypnus angustatus"
"Ilyobates bennetti";"Ilyobates bennetti"
"Ischnosoma splendidum";"Ischnosoma splendidum"
"Lathrobium dilutum";"Lathrobium dilutum"
"Lathrobium fulvipenne";"Lathrobium fulvipenne"
"Lathrobium pallidum";"Lathrobium pallidum"
"Liogluta alpestris";"Liogluta alpestris"
"Mycetoporus splendens";"Mycetoporus splendens"
"Omalium caesum";"Omalium caesum"
"Oxypoda brevicornis";"Oxypoda brevicornis"
"Oxypoda longipes";"Oxypoda longipes"
"Paederus littoralis";"Paederus littoralis"
"Zyras limbatus";"Zyras limbatus"
"Philonthus atratus";"Philonthus atratus"
"Philonthus cognatus";"Philonthus cognatus"
"Philonthus concinnus";"Philonthus concinnus"
"Philonthus laminatus";"Philonthus laminatus"
"Philonthus lepidus";"Philonthus lepidus"
"Philonthus rotundicollis";"Philonthus rotundicollis"
"Platystethus nitens";"Platystethus nitens"
"Quedius boops";"Quedius boops"
"Quedius ochripennis";"Quedius ochripennis"
"Scopaeus minutus";"Scopaeus minutus"
"Sepedophilus marshami";"Sepedophilus marshami"
"Conosoma testaceum";"Conosoma testaceum"
"Stenus clavicornis";"Stenus clavicornis"
"Stenus humilis";"Stenus humilis"
"Stenus similis";"Stenus similis"
"Sunius bicolor";"Sunius bicolor"
"Tachinus signatus";"Tachinus signatus"
"Tachyporus chrysomelinus";"Tachyporus chrysomelinus"
"Tachyporus dispar";"Tachyporus dispar"
"Tachyporus hypnorum";"Tachyporus hypnorum"
"Tachyporus nitidulus";"Tachyporus nitidulus"
"Tachyporus obtusus";"Tachyporus obtusus"
"Tachyporus pulchellus";"Tachyporus pulchellus"
"Tachyporus pusillus";"Tachyporus pusillus"
"Tachyporus solutus";"Tachyporus solutus"
"Trogophloeus punctatellus";"Trogophloeus punctatellus"
"Xantholinus dvoraki";"Xantholinus dvoraki"
"Xantholinus linearis";"Xantholinus linearis"
"Xantholinus longiventris";"Xantholinus longiventris"
"Zyras lugens";"Zyras lugens"
"Deltocephalus pulicaris";"Deltocephalus pulicaris"
"Acanthodelphax spinosa";"Acanthodelphax spinosa"
"Ditropsis flavipes";"Ditropsis flavipes"
"Kosswigianella exigua";"Kosswigianella exigua"
"Laodelphax striatella";"Laodelphax striatella"
"Halticus apterus";"Halticus apterus"
"Haplothrips aculeatus";"Haplothrips aculeatus"
"Frankliniella intonsa";"Frankliniella intonsa"
"Frankliniella tenuicornis";"Frankliniella tenuicornis"
"Limothrips cerealium";"Limothrips cerealium"
"Limothrips denticornis";"Limothrips denticornis"
"Odontothrips loti";"Odontothrips loti"
"Thrips sp1-angusticeps";"Thrips angusticeps"
"Agallia brachyptera";"Agallia brachyptera"
"Anaceratagallia ribauti";"Anaceratagallia ribauti"
"Anoscopus flavostriatus";"Anoscopus flavostriatus"
"Arthaldeus pascuellus";"Arthaldeus pascuellus"
"Chlorita paolii";"Chlorita paolii"
"Cicadella viridis";"Cicadella viridis"
"Emelyanoviana mollicula";"Emelyanoviana mollicula"
"Empoasca decipiens";"Empoasca decipiens"
"Errastunus ocellaris";"Errastunus ocellaris"
"Eupteryx calcarata";"Eupteryx calcarata"
"Eupteryx notata";"Eupteryx notata"
"Eupteryx vittata";"Eupteryx vittata"
"Macrosteles cristatus";"Macrosteles cristatus"
"Macrosteles laevis";"Macrosteles laevis"
"Macrosteles maculosus";"Macrosteles maculosus"
"Macrosteles sexnotatus";"Macrosteles sexnotatus"
"Megophthalmus scanicus";"Megophthalmus scanicus"
"Ophiola decumana";"Ophiola decumana"
"Psammotettix alienus";"Psammotettix alienus"
"Psammotettix confinis";"Psammotettix confinis"
"Psammotettix helvolus";"Psammotettix helvolus"
"Zyginidia scutellaris";"Zyginidia scutellaris"
"Dicranotropis hamata";"Dicranotropis hamata"
"Javesella pellucida";"Javesella pellucida"
"Ribautodelphax albostriata";"Ribautodelphax albostriata"
"Ribautodelphax angulosa";"Ribautodelphax angulosa"
"Chlamydatus pulicarius";"Chlamydatus pulicarius"
"Anoscopus serratulae";"Anoscopus serratulae"
"Cicadula persimilis";"Cicadula persimilis"
"Doratura stylata";"Doratura stylata"
"Elymana sulphurella";"Elymana sulphurella"
"Empoasca pteridis";"Empoasca pteridis"
"Eupteryx atropunctata";"Eupteryx atropunctata"
"Euscelis incisus";"Euscelis incisus"
"Megadelphax sordidula";"Megadelphax sordidula"
"Neoaliturus fenestratus";"Neoaliturus fenestratus"
"Verdanus abdominalis";"Verdanus abdominalis"
"Nysius ericae";"Nysius ericae"
"Nysius senecionis";"Nysius senecionis"
"Amblytylus nasutus";"Amblytylus nasutus"
"Dicyphus globulifer";"Dicyphus globulifer"
"Melanotrichus flavosarsus";"Melanotrichus flavosarsus"
"Orthocephalus saltator";"Orthocephalus saltator"
"Orthops kalmii";"Orthops kalmii"
"Pachytomella arallela";"Pachytomella arallela"
"Polymerus nigrita";"Polymerus nigrita"
"Phyllotreta vittula";"Phyllotreta vittula"
"Phyllotreta undulata";"Phyllotreta undulata"
"Neophilaenus campestris";"Neophilaenus campestris"
"Berytinus clavipes";"Berytinus clavipes"
"Philaenus spumarius";"Philaenus spumarius"
"Aphrodes bicincta";"Aphrodes bicincta"
"Aphrodes makarovi";"Aphrodes makarovi"
"Athysanus argentarius";"Athysanus argentarius"
"Conosanus obsoletus";"Conosanus obsoletus"
"Graphocraerus ventralis";"Graphocraerus ventralis"
"Mocydia crocea";"Mocydia crocea"
"Coriomeris denticulatus";"Coriomeris denticulatus"
"Stenocranus minutus";"Stenocranus minutus"
"Gargara genistae";"Gargara genistae"
"Adelphocoris lineolatus";"Adelphocoris lineolatus"
"Adelphocoris quadripunctatus";"Adelphocoris quadripunctatus"
"Lygus gemellatus";"Lygus gemellatus"
"Lygus pratensis";"Lygus pratensis"
"Notostira elongata";"Notostira elongata"
"Orthops basalis";"Orthops basalis"
"Polymerus unifasciatus";"Polymerus unifasciatus"
"Stenodema calcaratum";"Stenodema calcaratum"
"Stenodema laevigata";"Stenodema laevigata"
"Trigonotylus caelestialium";"Trigonotylus caelestialium"
"Graphosoma lineatum";"Graphosoma lineatum"
"Holcostethus strictus";"Holcostethus strictus"
"Corizus hyoscyami";"Corizus hyoscyami"
"Rhopalus parumpunctatus";"Rhopalus parumpunctatus"
"Stictopleurus abutilon";"Stictopleurus abutilon"
"Stictopleurus unctatonervosus";"Stictopleurus unctatonervosus"
"Eurygaster maura";"Eurygaster maura"
"Asiorestia ferruginea";"Asiorestia ferruginea"
"Cassida sanguinosa";"Cassida sanguinosa"
"Cassida vibex";"Cassida vibex"
"Chaetocnema concinna";"Chaetocnema concinna"
"Chaetocnema hortensis";"Chaetocnema hortensis"
"Chaetocnema laevicollis";"Chaetocnema laevicollis"
"Chrysolina haemoptera";"Chrysolina haemoptera"
"Chrysolina oricalcia";"Chrysolina oricalcia"
"Chrysolina staphylaea";"Chrysolina staphylaea"
"Chrysolina sturmi";"Chrysolina sturmi"
"Epithrix pubescens";"Epithrix pubescens"
"Gastrophysa viridula";"Gastrophysa viridula"
"Longitarsus atricillus";"Longitarsus atricillus"
"Longitarsus luridus";"Longitarsus luridus"
"Longitarsus lycopi";"Longitarsus lycopi"
"Longitarsus melanocephalus";"Longitarsus melanocephalus"
"Longitarsus noricus";"Longitarsus noricus"
"Longitarsus reichei";"Longitarsus reichei"
"Longitarsus succineus";"Longitarsus succineus"
"Phyllotreta atra";"Phyllotreta atra"
"Cassida panzeri";"Cassida panzeri"
"Cassida rubiginosa";"Cassida rubiginosa"
"Oulema (Lema) duftschmidi";"Oulema duftschmidi"
"Oulema (Lema) gallaeciana";"Oulema gallaeciana"
"Timarcha (Chrysomela) goettingensis";"Timarcha goettingensis"
"Aphthona pallida";"Aphthona pallida"
"Longitarsus parvulus";"Longitarsus parvulus"
"Longitarsus pratensis";"Longitarsus pratensis"
"Odontothrips phaleratus";"Odontothrips phaleratus"
"Discus ruderatus";"Discus ruderatus"
"Apion cruentatum";"Apion cruentatum"
"Apion frumentarium";"Apion frumentarium"
"Cerapion onopordi";"Cerapion onopordi"
"Holotrichapion aethiops";"Holotrichapion aethiops"
"Apion pisi";"Apion pisi"
"Apion violaceum";"Apion violaceum"
"Eutrichapion punctigerum";"Eutrichapion punctigerum"
"Simplocaria semistriata";"Simplocaria semistriata"
"Diachromus germanus";"Diachromus germanus"
"Baris lepidii";"Baris lepidii"
"Ceutorhynchus floralis";"Ceutorhynchus floralis"
"Coryssomerus capucinus";"Coryssomerus capucinus"
"Eusomus ovulum";"Eusomus ovulum"
"Glocianus punctiger";"Glocianus punctiger"
"Alophus triguttatus";"Alophus triguttatus"
"Hypera meles";"Hypera meles"
"Hypera nigrirostris";"Hypera nigrirostris"
"Hypera plantaginis";"Hypera plantaginis"
"Hypera postica";"Hypera postica"
"Hypera suspiciosa";"Hypera suspiciosa"
"Hypera venusta";"Hypera venusta"
"Hypera zoilus";"Hypera zoilus"
"Limobius borealis";"Limobius borealis"
"Mecinus collaris";"Mecinus collaris"
"Mecinus pyraster";"Mecinus pyraster"
"Rhinoncus castor";"Rhinoncus castor"
"Rhinoncus pericarpius";"Rhinoncus pericarpius"
"Sciaphilus asperatus";"Sciaphilus asperatus"
"Sitona lepidus";"Sitona lepidus"
"Sitona lineatus";"Sitona lineatus"
"Sitona sulcifrons";"Sitona sulcifrons"
"Sitona suturalis";"Sitona suturalis"
"Sitona waterhousei";"Sitona waterhousei"
"Trachyphloeus aristatus";"Trachyphloeus aristatus"
"Trichosirocalus troglodytes";"Trichosirocalus troglodytes"
"Zacladus geranii";"Zacladus geranii"
"Hadroplontus litura";"Hadroplontus litura"
"Phyllobius (Subphyllobius) parvulus";"Phyllobius parvulus"
"Adrastus rachifer";"Adrastus rachifer"
"Oedemera lurida";"Oedemera lurida"
"Oedemera virescens";"Oedemera virescens"
"Olibrus bicolor";"Olibrus bicolor"
"Catapion pubescens";"Catapion pubescens"
"Catapion seniculus";"Catapion seniculus"
"Diplapion confluens";"Diplapion confluens"
"Ischnopterapion loti";"Ischnopterapion loti"
"Ischnopterapion modestum";"Ischnopterapion modestum"
"Ischnopterapion virens";"Ischnopterapion virens"
"Apion semivittatum";"Apion semivittatum"
"Protapion apricans";"Protapion apricans"
"Protapion assimile";"Protapion assimile"
"Protapion fulvipes";"Protapion fulvipes"
"Protapion nigritarse";"Protapion nigritarse"
"Protapion trifolii";"Protapion trifolii"
"Squamapion cineraceum";"Squamapion cineraceum"
"Stenopterapion tenue";"Stenopterapion tenue"
"Bruchus luteicornis";"Bruchus luteicornis"
"Trachys scrobiculatus";"Trachys scrobiculatus"
"Ceutorhynchus erysimi";"Ceutorhynchus erysimi"
"Gymnetron labile";"Gymnetron labile"
"Gymnetron pascuorum";"Gymnetron pascuorum"
"Tychius junceus";"Tychius junceus"
"Tychius picirostris";"Tychius picirostris"
"Tychius pusillus";"Tychius pusillus"
"Tychius stephensi";"Tychius stephensi"
"Meligethes erythropus";"Meligethes erythropus"
"Meligethes aeneus";"Meligethes aeneus"
"Meligethes nigrescens";"Meligethes nigrescens"
"Olibrus affinis";"Olibrus affinis"
"Hylastinus obscurus";"Hylastinus obscurus"
"Carpelimus punctatellus";"Carpelimus punctatellus"
"Corylophus cassidioides";"Corylophus cassidioides"
"Sericoderus lateralis";"Sericoderus lateralis"
"Atomaria fuscata";"Atomaria fuscata"
"Atomaria linearis";"Atomaria linearis"
"Cryptophagus pilosus";"Cryptophagus pilosus"
"Cryptophagus schmidti";"Cryptophagus schmidti"
"Atomaria punctithorax";"Atomaria punctithorax"
"Megasternum boletophagum";"Megasternum boletophagum"
"Corticarina fuscula";"Corticarina fuscula"
"Cortinicara gibbosa";"Cortinicara gibbosa"
"Enicmus histrio";"Enicmus histrio"
"Enicmus transversus";"Enicmus transversus"
"Lathridius lardarius";"Lathridius lardarius"
"Liocyrtusa minuta";"Liocyrtusa minuta"
"Acrotona parvula";"Acrotona parvula"
"Atheta fungi";"Atheta fungi"
"Atheta laticollis";"Atheta laticollis"
"Atheta myrmecobia";"Atheta myrmecobia"
"Atheta oblita";"Atheta oblita"
"Atheta orbata";"Atheta orbata"
"Bledius gallicus";"Bledius gallicus"
"Eurygaster testudinaria";"Eurygaster testudinaria"
"Lepyrus capucinus";"Lepyrus capucinus"
"Anthicus antherinus";"Anthicus antherinus"
"Paratachys bistriatus";"Paratachys bistriatus"
"Atomaria analis";"Atomaria analis"
"Atomaria atricapilla";"Atomaria atricapilla"
"Atomaria basalis";"Atomaria basalis"
"Atomaria sp1";"Atomaria"
"Atomaria sp2";"Atomaria"
"Megasternum obscurum";"Megasternum obscurum"
"Liocyrtusa pauxilla";"Liocyrtusa pauxilla"
"Aleuonota gracilenta";"Aleuonota gracilenta"
"Amischa analis";"Amischa analis"
"Amischa decipiens";"Amischa decipiens"
"Anaulacaspis nigra";"Anaulacaspis nigra"
"Anotylus hamatus";"Anotylus hamatus"
"Falagria thoracica";"Falagria thoracica"
"Falagrioma thoracica";"Falagrioma thoracica"
"Oxypoda brachyptera";"Oxypoda brachyptera"
"Oxypoda exoleta";"Oxypoda exoleta"
"Oxypoda formiceticola";"Oxypoda formiceticola"
"Stenus nanus";"Stenus nanus"
"Tachyporus atriceps";"Tachyporus atriceps"
"Tachyporus tersus";"Tachyporus tersus"
"Pelecopsis parallela";"Pelecopsis parallela"
"Troxochrus scabriculus";"Troxochrus scabriculus"
"Atomaria nigriventris";"Atomaria nigriventris"
"Acrotrichis sitkaensis";"Acrotrichis sitkaensis"
"Hypocyphthus longicornis";"Hypocyphthus longicornis"
"Oligota pumilio";"Oligota pumilio"
"Oligota pusillima";"Oligota pusillima"
"Acrotrichis fascicularis";"Acrotrichis fascicularis"
"Mitostoma chrysomelas";"Mitostoma chrysomelas"
"Lithobius aeruginosus";"Lithobius aeruginosus"
"Lithobius microps";"Lithobius microps"
"Polydesmus superus";"Polydesmus superus"
"Lamyctes emarginatus";"Lamyctes emarginatus"
"Lamyctes fulvicornis";"Lamyctes fulvicornis"
"Blaniulus guttulatus";"Blaniulus guttulatus"
"Boreoiulus tenuis";"Boreoiulus tenuis"
"Polydesmus inconstans";"Polydesmus inconstans"
"Propolydesmus testaceus";"Propolydesmus testaceus"
"Lithobius piceus";"Lithobius piceus"
"Forficula auricularia";"Forficula auricularia"
"Cantharis fusca";"Cantharis fusca"
"Amara aulica";"Amara aulica"
"Amara equestris";"Amara equestris"
"Calathus fuscipes";"Calathus fuscipes"
"Cicindela campestris";"Cicindela campestris"
"Harpalus rufipes";"Harpalus rufipes"
"Nebria brevicollis";"Nebria brevicollis"
"Ophonus ardosiacus";"Ophonus ardosiacus"
"Ophonus stictus";"Ophonus stictus"
"Pseudophonus rufipes";"Pseudophonus rufipes"
"Pterostichus melanarius";"Pterostichus melanarius"
"Agrypnus murinus";"Agrypnus murinus"
"Hemicrepidius hirtus";"Hemicrepidius hirtus"
"Amphimallon solstitiale";"Amphimallon solstitiale"
"Silpha obscura";"Silpha obscura"
"Silpha tristis";"Silpha tristis"
"Ocypus aeneocephalus";"Ocypus aeneocephalus"
"Ocypus brunnipes";"Ocypus brunnipes"
"Ocypus nitens";"Ocypus nitens"
"Philonthus carbonarius";"Philonthus carbonarius"
"Philonthus succicola";"Philonthus succicola"
"Platydracus stercorarius";"Platydracus stercorarius"
"Quedius curtipennis";"Quedius curtipennis"
"Ocypus melanarius";"Ocypus melanarius"
"Tasgius melanarius";"Tasgius melanarius"
"Ocypus pedator";"Ocypus pedator"
"Dyschirius globosus";"Dyschirius globosus"
"Ptomaphagus subvillosus";"Ptomaphagus subvillosus"
"Sciodrepoides watsoni";"Sciodrepoides watsoni"
"Aleochara bilineata";"Aleochara bilineata"
"Aleochara ruficornis";"Aleochara ruficornis"
"Pycnota paradoxa";"Pycnota paradoxa"
"Peribalus vernalis";"Peribalus vernalis"
"Liparus coronatus";"Liparus coronatus"
"Orius minutus";"Orius minutus"
"Orius niger";"Orius niger"
"Campylomma verbasci";"Campylomma verbasci"
"Plagiognathus chrysanthemi";"Plagiognathus chrysanthemi"
"Aeolothrips intermedius";"Aeolothrips intermedius"
"Hyperaspis campestris";"Hyperaspis campestris"
"Psyllobora vigintiduopunctata";"Psyllobora vigintiduopunctata"
"Scymnus frontalis";"Scymnus frontalis"
"Scymnus haemorrhoidalis";"Scymnus haemorrhoidalis"
"Tytthaspis sedecimpunctata";"Tytthaspis sedecimpunctata"
"Brachypterus glaber";"Brachypterus glaber"
"Ptomaphagus varicornis";"Ptomaphagus varicornis"
"Atheta amicula";"Atheta amicula"
"Eusphalerum ophthalmicum";"Eusphalerum ophthalmicum"
"Dipoena melanogaster";"Dipoena melanogaster"
"Neottiura bimaculata";"Neottiura bimaculata"
"Misumenops tricuspidatus";"Misumenops tricuspidatus"
"Geophilus flavus";"Geophilus flavus"
"Geophilus longicornis";"Geophilus longicornis"
"Cylindroiulus caeruleocinctus";"Cylindroiulus caeruleocinctus"
"Julus scandinavius";"Julus scandinavius"
"Kryphoiulus occultus";"Kryphoiulus occultus"
"Ophyiulus pilosus";"Ophyiulus pilosus"
"Tachypodoiulus niger";"Tachypodoiulus niger"
"Unciger foetidus";"Unciger foetidus"
"Polydesmus angustus";"Polydesmus angustus"
"Lithobius forficatus";"Lithobius forficatus"
"Adelphocoris seticornis";"Adelphocoris seticornis"
"Lygus rugulipennis";"Lygus rugulipennis"
"Plagiognathus arbustorum";"Plagiognathus arbustorum"
"Carpocoris fuscispinus";"Carpocoris fuscispinus"
"Carpocoris purpureipennis";"Carpocoris purpureipennis"
"Dolycoris baccarum";"Dolycoris baccarum"
"Eurydema olecareum";"Eurydema olecareum"
"Notiophilus aquaticus";"Notiophilus aquaticus"
"Coccinella quinquepunctata";"Coccinella quinquepunctata"
"Coccinella septempunctata";"Coccinella septempunctata"
"Adonia variegata";"Adonia variegata"
"Agriotes obscurus";"Agriotes obscurus"
"Agriotes sputator";"Agriotes sputator"
"Malachius bipustulatus";"Malachius bipustulatus"
"Malachius viridis";"Malachius viridis"
"Opilio canestrinii";"Opilio canestrinii"
"Phalangium opilio";"Phalangium opilio"
"Allagelena gracilens";"Allagelena gracilens"
"Aculepeira ceropegia";"Aculepeira ceropegia"
"Araniella cucurbitina";"Araniella cucurbitina"
"Argiope bruennichi";"Argiope bruennichi"
"Dismodicus bifrons";"Dismodicus bifrons"
"Microlinyphia pusilla";"Microlinyphia pusilla"
"Tibellus oblongus";"Tibellus oblongus"
"Myrmarachne formicaria";"Myrmarachne formicaria"
"Salticus scenicus";"Salticus scenicus"
"Tetragnatha pinicola";"Tetragnatha pinicola"
"Xysticus ulmi";"Xysticus ulmi"
"Carabus granulatus";"Carabus granulatus"
"Chorthippus albomarginatus";"Chorthippus albomarginatus"
"Chorthippus apricarius";"Chorthippus apricarius"
"Chorthippus biguttulus";"Chorthippus biguttulus"
"Chorthippus dorsatus";"Chorthippus dorsatus"
"Chorthippus parallelus";"Chorthippus parallelus"
"Palomena viridissima";"Palomena viridissima"
"Carabus auratus";"Carabus auratus"
"Carabus nemoralis";"Carabus nemoralis"
"Clivina fossor";"Clivina fossor"
"Tanymecus palliatus";"Tanymecus palliatus"
"Hemicrepidius niger";"Hemicrepidius niger"
"Odonteus armiger";"Odonteus armiger"
"Choleva oblonga";"Choleva oblonga"
"Onthophagus ovatus";"Onthophagus ovatus"
"Nicrophorus vespillo";"Nicrophorus vespillo"
"Ocypus olens";"Ocypus olens"
"Rheochara spadicea";"Rheochara spadicea"
"Acheta domesticus";"Acheta domesticus"
