"original_name";"name_clear"
"zooplankton";"Zooplankton"
"Hyporhampus";"Hyporhamphus"
"Mugil";"Mugil"
"Upogebia";"Upogebia"
"Lamya";"Lamya"
"Solen";"Solen"
"Arenicola";"Arenicola"
"Hymenosoma";"Hymenosoma"
"Johnius";"Johnius"
"Lithognathus";"Lithognathus"
"Rhabdosargus";"Rhabdosargus"
"Hypacanthus";"Hypacanthus"
"phytoplankton";"Phytoplankton"
"detritus";"Detritus"
"attached plants";"Attached plants"
